datetime,actual_pm25,predicted_pm25,actual_aqi,predicted_aqi
2026-05-01 06:00:00+00:00,28.3,41.47647635598971,87,116
2026-05-01 07:00:00+00:00,37.7,30.27797081703073,106,90
2026-05-01 08:00:00+00:00,38.4,41.905671745639246,108,117
2026-05-01 09:00:00+00:00,45.8,39.1838549271381,126,110
2026-05-01 10:00:00+00:00,45.5,47.61108117927505,126,131
2026-05-01 11:00:00+00:00,46.4,46.50257944264864,128,128
2026-05-01 12:00:00+00:00,51.5,48.595295448115536,140,133
2026-05-01 13:00:00+00:00,66.7,54.16606165467114,159,147
2026-05-01 14:00:00+00:00,86.9,70.88373194962948,173,162
2026-05-01 15:00:00+00:00,92.7,90.38496816042445,177,175
2026-05-01 16:00:00+00:00,102.0,93.68468618308098,184,178
2026-05-01 17:00:00+00:00,98.3,100.84795512864305,181,183
2026-05-01 18:00:00+00:00,75.9,93.55958350856571,165,178
2026-05-01 19:00:00+00:00,91.9,69.53846885874243,177,161
2026-05-01 20:00:00+00:00,85.1,92.22983485828657,172,177
2026-05-01 21:00:00+00:00,41.1,78.61256451459151,115,167
2026-05-01 22:00:00+00:00,34.0,33.128765408260435,97,96
2026-05-01 23:00:00+00:00,42.6,35.67599938393,118,101
2026-05-02 00:00:00+00:00,52.2,35.691440732642974,142,101
2026-05-02 01:00:00+00:00,51.8,46.21300072247317,141,127
2026-05-02 02:00:00+00:00,42.5,46.915310713847276,118,129
2026-05-02 03:00:00+00:00,40.6,39.51103330970011,114,111
2026-05-02 04:00:00+00:00,36.4,40.53795753659682,103,113
2026-05-02 05:00:00+00:00,40.1,35.43570897213446,112,100
2026-05-02 06:00:00+00:00,36.4,40.219380454138346,103,113
2026-05-02 07:00:00+00:00,45.3,36.424645630792384,125,103
2026-05-02 08:00:00+00:00,47.0,48.24577363479494,129,132
2026-05-02 09:00:00+00:00,38.1,48.74515413160903,107,134
2026-05-02 10:00:00+00:00,45.1,39.24444586684044,125,110
2026-05-02 11:00:00+00:00,41.1,49.272086397527445,115,135
2026-05-02 12:00:00+00:00,40.2,43.23020999483931,113,120
2026-05-02 13:00:00+00:00,36.2,44.50108032994761,103,123
2026-05-02 14:00:00+00:00,44.7,41.46126388287904,124,116
2026-05-02 15:00:00+00:00,44.4,52.415043444901755,123,143
2026-05-02 16:00:00+00:00,50.0,50.40517057740243,137,138
2026-05-02 17:00:00+00:00,55.4,57.10156451147673,150,152
2026-05-02 18:00:00+00:00,59.7,60.44698294472946,154,154
2026-05-02 19:00:00+00:00,59.5,65.06914918176896,154,158
2026-05-02 20:00:00+00:00,64.1,63.298028154646715,157,156
2026-05-02 21:00:00+00:00,58.6,66.00880100149568,153,158
2026-05-02 22:00:00+00:00,55.7,58.35095681450503,151,153
2026-05-02 23:00:00+00:00,60.2,57.254730732356734,154,152
2026-05-03 00:00:00+00:00,62.2,54.40069764855744,156,148
2026-05-03 01:00:00+00:00,58.3,55.85540275113052,153,151
2026-05-03 02:00:00+00:00,54.8,51.23122464891298,149,140
2026-05-03 03:00:00+00:00,55.3,48.835225371673936,150,134
2026-05-03 04:00:00+00:00,58.3,50.187998684283016,153,137
2026-05-03 05:00:00+00:00,57.9,53.85937734224895,153,146
2026-05-03 06:00:00+00:00,62.4,53.15480682481921,156,144
2026-05-03 07:00:00+00:00,54.5,59.55862026481378,148,154
2026-05-03 08:00:00+00:00,55.8,50.23777932212852,151,137
2026-05-03 09:00:00+00:00,46.3,53.541791780241695,128,145
2026-05-03 10:00:00+00:00,41.9,43.01455538262801,117,119
2026-05-03 11:00:00+00:00,48.5,40.74456500438387,133,114
2026-05-03 12:00:00+00:00,46.2,49.201003398134844,127,135
2026-05-03 13:00:00+00:00,49.1,45.65326301364761,134,126
2026-05-03 14:00:00+00:00,54.7,50.96980211318041,148,139
2026-05-03 15:00:00+00:00,47.7,57.02831066165148,131,152
2026-05-03 16:00:00+00:00,50.4,48.728588088800244,138,134
2026-05-03 17:00:00+00:00,48.7,53.99072374189765,134,146
2026-05-03 18:00:00+00:00,50.5,51.56310662560236,138,140
2026-05-03 19:00:00+00:00,56.3,54.289110710819415,152,147
2026-05-03 20:00:00+00:00,79.6,60.745296525619274,168,155
2026-05-03 21:00:00+00:00,71.4,85.48462669932394,162,172
2026-05-03 22:00:00+00:00,46.7,71.16710706364047,129,162
2026-05-03 23:00:00+00:00,40.7,46.996340006500375,114,129
2026-05-04 00:00:00+00:00,43.9,39.796126044918346,122,111
2026-05-04 01:00:00+00:00,38.9,43.258099592983896,109,120
2026-05-04 02:00:00+00:00,28.7,37.14820337912372,88,105
2026-05-04 03:00:00+00:00,28.6,28.789455231686738,87,88
2026-05-04 04:00:00+00:00,32.2,32.30110935366854,94,94
2026-05-04 05:00:00+00:00,30.1,36.41231389442648,90,103
2026-05-04 06:00:00+00:00,32.9,34.07871080655139,95,97
2026-05-04 07:00:00+00:00,40.4,38.080202082515726,113,107
2026-05-04 08:00:00+00:00,42.4,46.19263485372748,118,127
2026-05-04 09:00:00+00:00,44.7,46.38748990402168,124,128
2026-05-04 10:00:00+00:00,44.6,48.647681076593535,123,133
2026-05-04 11:00:00+00:00,45.5,48.49537034265831,126,133
2026-05-04 12:00:00+00:00,52.0,49.37126826852272,142,135
2026-05-04 13:00:00+00:00,51.3,56.46374920987735,140,152
2026-05-04 14:00:00+00:00,47.2,54.67928443468108,130,148
2026-05-04 15:00:00+00:00,68.3,50.35628037517977,160,137
2026-05-04 16:00:00+00:00,91.8,74.9910200123614,176,165
2026-05-04 17:00:00+00:00,86.9,95.97460076906926,173,179
2026-05-04 18:00:00+00:00,77.7,86.20897702825818,167,173
2026-05-04 19:00:00+00:00,75.2,78.28284062849508,165,167
2026-05-04 20:00:00+00:00,71.3,77.9132540442008,162,167
2026-05-04 21:00:00+00:00,71.5,72.37245438996008,162,163
2026-05-04 22:00:00+00:00,49.0,72.122250572851,134,163
2026-05-04 23:00:00+00:00,66.8,47.719448794294564,159,131
2026-05-05 00:00:00+00:00,84.8,65.02461162217656,172,158
2026-05-05 01:00:00+00:00,94.9,80.38553221052722,179,168
2026-05-05 02:00:00+00:00,101.0,88.82167552736725,183,174
2026-05-05 03:00:00+00:00,95.7,94.64922817120402,179,178
2026-05-05 04:00:00+00:00,95.4,88.14297976621634,179,174
2026-05-05 05:00:00+00:00,94.0,88.30320046201656,178,174
2026-05-05 06:00:00+00:00,85.3,86.34268605237277,172,173
2026-05-05 07:00:00+00:00,71.9,77.7593773234768,162,167
2026-05-05 08:00:00+00:00,48.6,65.65210248052091,133,158
2026-05-05 09:00:00+00:00,43.9,43.6356270439132,122,121
2026-05-05 10:00:00+00:00,47.9,44.337735892017,132,123
2026-05-05 11:00:00+00:00,55.5,50.358266184199636,151,137
2026-05-05 12:00:00+00:00,58.7,59.98454140093548,153,154
2026-05-05 13:00:00+00:00,60.3,63.61796724291919,154,157
2026-05-05 14:00:00+00:00,63.0,65.88657580321491,156,158
2026-05-05 15:00:00+00:00,79.4,69.95436592836495,168,161
2026-05-05 16:00:00+00:00,72.9,88.65809311012116,163,174
2026-05-05 17:00:00+00:00,63.9,77.14963299646556,157,166
2026-05-05 18:00:00+00:00,77.8,68.78212967435994,167,160
2026-05-05 19:00:00+00:00,94.5,85.58279079523692,178,172
2026-05-05 20:00:00+00:00,63.3,100.17731949389706,156,182
2026-05-05 21:00:00+00:00,53.3,62.44352597837605,145,156
2026-05-05 22:00:00+00:00,60.3,58.5657705400484,154,153
2026-05-05 23:00:00+00:00,57.9,68.31535634620508,153,160
2026-05-06 00:00:00+00:00,50.2,55.93104604984222,137,151
2026-05-06 01:00:00+00:00,60.0,49.80542483399573,154,136
2026-05-06 02:00:00+00:00,86.2,64.08718241691867,173,157
2026-05-06 03:00:00+00:00,93.8,90.55691319895506,178,176
2026-05-06 04:00:00+00:00,75.7,93.38041459019425,165,177
2026-05-06 05:00:00+00:00,69.8,72.605513618614,161,163
2026-05-06 06:00:00+00:00,65.7,69.4637871975573,158,161
2026-05-06 07:00:00+00:00,78.6,63.73831864580971,167,157
2026-05-06 08:00:00+00:00,72.3,77.3414196200829,163,166
2026-05-06 09:00:00+00:00,68.2,67.9408672911941,160,160
2026-05-06 10:00:00+00:00,59.8,67.06651591953946,154,159
2026-05-06 11:00:00+00:00,61.7,59.31360117275248,155,154
2026-05-06 12:00:00+00:00,20.2,63.78463132175146,72,157
2026-05-06 13:00:00+00:00,31.4,17.35195177952329,93,66
2026-05-06 14:00:00+00:00,41.0,40.80053668981353,115,114
2026-05-06 15:00:00+00:00,35.3,48.80725473322455,100,134
2026-05-06 16:00:00+00:00,46.1,41.98369710533191,127,117
2026-05-06 17:00:00+00:00,55.8,56.30180697446657,151,152
2026-05-06 18:00:00+00:00,51.1,66.0071912143834,139,158
2026-05-06 19:00:00+00:00,80.6,59.42206676072308,169,154
2026-05-06 20:00:00+00:00,109.0,91.49924844353393,189,176
2026-05-06 21:00:00+00:00,132.0,115.12954209319746,207,193
2026-05-06 22:00:00+00:00,149.0,135.29732515613944,224,211
2026-05-06 23:00:00+00:00,154.0,148.99699917961965,229,224
2026-05-07 00:00:00+00:00,124.0,140.79293686251017,199,216
2026-05-07 01:00:00+00:00,107.0,105.52730561593575,187,186
2026-05-07 02:00:00+00:00,109.0,93.85321310112363,189,178
2026-05-07 03:00:00+00:00,93.4,98.50278459659785,178,181
2026-05-07 04:00:00+00:00,66.8,79.86539131962512,159,168
2026-05-07 05:00:00+00:00,35.7,55.7775925752388,101,151
2026-05-07 06:00:00+00:00,33.4,28.847525228220682,96,88
2026-05-07 07:00:00+00:00,34.2,34.879149832957225,98,99
2026-05-07 08:00:00+00:00,36.1,36.433703072781114,102,103
2026-05-07 09:00:00+00:00,34.4,40.74046481876294,98,114
2026-05-07 10:00:00+00:00,37.0,40.22283644312864,105,113
2026-05-07 11:00:00+00:00,39.6,45.03271623443704,111,124
2026-05-07 12:00:00+00:00,44.2,45.1493422359544,122,125
2026-05-07 13:00:00+00:00,56.6,50.76382213336557,152,138
2026-05-07 14:00:00+00:00,73.9,64.36370015855138,164,157
2026-05-07 15:00:00+00:00,90.1,80.73598915612041,175,169
2026-05-07 16:00:00+00:00,83.7,95.78518005286507,171,179
2026-05-07 17:00:00+00:00,29.4,85.80546465955807,89,172
2026-05-07 18:00:00+00:00,41.5,26.679263537566786,116,84
2026-05-07 19:00:00+00:00,47.2,53.2625433577303,130,145
2026-05-07 20:00:00+00:00,44.0,55.593272013710546,122,151
2026-05-07 21:00:00+00:00,45.8,53.87829134798409,126,146
2026-05-07 22:00:00+00:00,73.3,59.31008872340137,163,154
2026-05-07 23:00:00+00:00,111.0,90.59317562747191,190,176
2026-05-08 00:00:00+00:00,96.3,114.55625514264017,180,192
2026-05-08 01:00:00+00:00,101.0,89.24050695276455,183,175
2026-05-08 02:00:00+00:00,94.6,98.75729095968319,178,181
2026-05-08 03:00:00+00:00,79.3,87.13614863522251,168,173
2026-05-08 04:00:00+00:00,64.1,68.99130154221075,157,160
2026-05-08 05:00:00+00:00,56.2,53.353847741581944,151,145
2026-05-08 06:00:00+00:00,45.6,48.71611125802683,126,134
2026-05-08 07:00:00+00:00,38.6,39.47901735284205,109,111
2026-05-08 08:00:00+00:00,37.7,35.82292389515358,106,102
2026-05-08 09:00:00+00:00,36.8,37.780379840462636,104,106
2026-05-08 10:00:00+00:00,39.4,38.46065514151714,111,108
2026-05-08 11:00:00+00:00,36.7,42.92237076970819,104,119
2026-05-08 12:00:00+00:00,43.3,40.52037245595305,120,113
2026-05-08 13:00:00+00:00,63.4,49.885843901111365,157,136
2026-05-08 14:00:00+00:00,73.5,71.71246920146442,164,162
2026-05-08 15:00:00+00:00,89.7,79.50572506413289,175,168
2026-05-08 16:00:00+00:00,103.0,95.39704426158167,184,179
2026-05-08 17:00:00+00:00,102.0,103.15084220045725,184,184
2026-05-08 18:00:00+00:00,83.7,99.53424879742542,171,182
2026-05-08 19:00:00+00:00,90.7,79.30833090934485,176,168
2026-05-08 20:00:00+00:00,110.0,90.47723537742031,189,175
2026-05-08 21:00:00+00:00,120.0,109.33185416238241,196,189
2026-05-08 22:00:00+00:00,83.5,118.45586828176268,171,195
2026-05-08 23:00:00+00:00,57.8,79.29818862500142,153,168
2026-05-09 00:00:00+00:00,76.9,50.007289421613116,166,137
2026-05-09 01:00:00+00:00,83.2,75.3199037655295,170,165
2026-05-09 02:00:00+00:00,80.6,76.95400569702865,169,166
2026-05-09 03:00:00+00:00,80.1,74.45456271503113,168,164
2026-05-09 04:00:00+00:00,103.0,75.7719523132178,184,165
2026-05-09 05:00:00+00:00,91.6,101.25170672766029,176,183
2026-05-09 06:00:00+00:00,64.8,82.29817555814166,158,170
2026-05-09 07:00:00+00:00,71.8,56.19689061669213,162,151
2026-05-09 08:00:00+00:00,77.9,69.83062978185595,167,161
2026-05-09 09:00:00+00:00,61.0,74.13831405187713,155,164
2026-05-09 10:00:00+00:00,50.4,55.41270395555124,138,150
2026-05-09 11:00:00+00:00,49.1,49.35778624392444,134,135
2026-05-09 12:00:00+00:00,103.0,51.1896439663075,184,139
2026-05-09 13:00:00+00:00,86.5,112.60810316067702,173,191
2026-05-09 14:00:00+00:00,101.0,83.11587024403528,183,170
2026-05-09 15:00:00+00:00,101.0,107.32494133634157,183,187
2026-05-09 16:00:00+00:00,189.0,102.95535730283419,264,184
2026-05-09 17:00:00+00:00,206.0,200.1495112518594,281,275
2026-05-09 18:00:00+00:00,96.9,195.8035197119592,180,271
2026-05-09 19:00:00+00:00,92.1,75.0546937852658,177,165
2026-05-09 20:00:00+00:00,67.5,94.52594974890087,159,178
2026-05-09 21:00:00+00:00,57.7,61.86899542703162,153,155
2026-05-09 22:00:00+00:00,67.7,54.95873611762092,160,149
2026-05-09 23:00:00+00:00,71.4,69.78459975311638,162,161
2026-05-10 00:00:00+00:00,87.9,68.43000086339921,174,160
2026-05-10 01:00:00+00:00,112.0,88.22434081265524,191,174
2026-05-10 02:00:00+00:00,86.8,112.2055502324198,173,191
2026-05-10 03:00:00+00:00,76.7,79.3355377386589,166,168
2026-05-10 04:00:00+00:00,76.4,75.61474683270788,166,165
2026-05-10 05:00:00+00:00,74.0,74.90738451615654,164,165
2026-05-10 06:00:00+00:00,81.6,70.23373077028616,169,161
2026-05-10 07:00:00+00:00,83.7,80.42540235555465,171,168
2026-05-10 08:00:00+00:00,48.6,82.83229848242199,133,170
2026-05-10 09:00:00+00:00,51.8,43.523923298909395,141,121
2026-05-10 10:00:00+00:00,46.3,55.15611538325366,128,149
2026-05-10 11:00:00+00:00,49.5,47.143650695770766,135,130
2026-05-10 12:00:00+00:00,50.5,56.3198612534368,138,152
2026-05-10 13:00:00+00:00,57.9,56.648556390897454,153,152
2026-05-10 14:00:00+00:00,77.3,66.97537145542849,166,159
2026-05-10 15:00:00+00:00,101.0,86.82564684296925,183,173
2026-05-10 16:00:00+00:00,79.6,113.78959348106623,168,192
2026-05-10 17:00:00+00:00,63.8,85.32128812037658,157,172
2026-05-10 18:00:00+00:00,66.3,66.38916643461573,159,159
2026-05-10 19:00:00+00:00,67.2,70.3999911226303,159,161
2026-05-10 20:00:00+00:00,73.3,68.36109886458213,163,160
2026-05-10 21:00:00+00:00,112.0,75.28504102674084,191,165
2026-05-10 22:00:00+00:00,136.0,119.00899077022646,211,196
2026-05-10 23:00:00+00:00,113.0,137.75461248418407,191,213
2026-05-11 00:00:00+00:00,121.0,103.48454370132517,197,185
2026-05-11 01:00:00+00:00,123.0,118.95301175701383,198,195
2026-05-11 02:00:00+00:00,112.0,115.09151660824321,191,193
2026-05-11 03:00:00+00:00,83.5,101.29021421789851,171,183
2026-05-11 04:00:00+00:00,47.1,72.61054000210062,130,163
2026-05-11 05:00:00+00:00,54.6,39.44419190859483,148,111
2026-05-11 06:00:00+00:00,60.4,56.263972119569075,154,151
2026-05-11 07:00:00+00:00,42.4,61.29816778145651,118,155
2026-05-11 08:00:00+00:00,31.6,41.108269927847175,93,115
2026-05-11 09:00:00+00:00,36.3,36.16353900359429,103,102
2026-05-11 10:00:00+00:00,41.0,44.13151374285466,115,122
2026-05-11 11:00:00+00:00,45.7,48.48924497472886,126,133
2026-05-11 12:00:00+00:00,84.7,53.89155807645107,171,146
2026-05-11 13:00:00+00:00,61.0,97.78021695221355,155,181
2026-05-11 14:00:00+00:00,60.8,63.832945606771176,155,157
2026-05-11 15:00:00+00:00,53.8,71.70752529456442,146,162
2026-05-11 16:00:00+00:00,50.5,60.44613300793558,138,154
2026-05-11 17:00:00+00:00,71.1,57.10397929812888,162,152
2026-05-11 18:00:00+00:00,84.2,80.42133117918806,171,168
2026-05-11 19:00:00+00:00,101.0,91.38795622624129,183,176
2026-05-11 20:00:00+00:00,140.0,108.71576644607075,215,188
2026-05-11 21:00:00+00:00,133.66666666666666,150.66961639051826,209,226
2026-05-11 22:00:00+00:00,127.33333333333331,135.55208689929242,203,211
2026-05-11 23:00:00+00:00,121.0,128.66570999511978,197,204
2026-05-12 00:00:00+00:00,128.0,112.40331159480617,203,191
2026-05-12 01:00:00+00:00,137.0,120.22889582366182,212,196
2026-05-12 02:00:00+00:00,107.0,127.17632384832763,187,203
2026-05-12 03:00:00+00:00,90.2,91.53406371477358,175,176
2026-05-12 04:00:00+00:00,61.0,79.12599684650814,155,168
2026-05-12 05:00:00+00:00,52.3,50.45454656148905,142,138
2026-05-12 06:00:00+00:00,47.4,48.493471093641666,130,133
2026-05-12 07:00:00+00:00,48.4,44.82207544806891,133,124
2026-05-12 08:00:00+00:00,48.9,49.27337577948844,134,135
2026-05-12 09:00:00+00:00,54.6,52.04743388178806,148,142
2026-05-12 10:00:00+00:00,54.3,60.47071427435546,147,154
2026-05-12 11:00:00+00:00,66.9,59.91090054382454,159,154
2026-05-12 12:00:00+00:00,62.3,76.82775591927063,156,166
2026-05-12 13:00:00+00:00,66.2,67.36343948809038,159,159
2026-05-12 14:00:00+00:00,74.0,73.37008853332536,164,163
2026-05-12 15:00:00+00:00,79.5,80.3057775626506,168,168
2026-05-12 16:00:00+00:00,38.2,84.67989492988136,108,171
2026-05-12 17:00:00+00:00,38.0,39.00817872827018,107,110
2026-05-12 18:00:00+00:00,38.6,49.58264116895866,109,135
2026-05-12 19:00:00+00:00,35.9,49.3247718848511,102,135
2026-05-12 20:00:00+00:00,30.8,49.2858496637209,91,135
2026-05-12 21:00:00+00:00,27.2,44.9501430633109,85,124
2026-05-12 22:00:00+00:00,38.4,42.927866630332154,108,119
2026-05-12 23:00:00+00:00,26.7,55.55866192799185,84,151
2026-05-13 00:00:00+00:00,25.2,31.22814300473,81,92
2026-05-13 01:00:00+00:00,25.7,33.416161039767594,82,96
2026-05-13 02:00:00+00:00,30.5,31.905016493209004,91,93
2026-05-13 03:00:00+00:00,22.3,36.15946196587698,76,102
2026-05-13 04:00:00+00:00,22.5,24.38330579703441,76,79
2026-05-13 05:00:00+00:00,24.8,26.840224995129102,80,84
2026-05-13 06:00:00+00:00,31.2,28.84929823816103,92,88
2026-05-13 07:00:00+00:00,31.8,35.783043268102716,93,101
2026-05-13 08:00:00+00:00,35.0,35.3726541063189,99,100
2026-05-13 09:00:00+00:00,30.6,39.7603480822176,91,111
2026-05-13 10:00:00+00:00,26.8,34.03529179652152,84,97
2026-05-13 11:00:00+00:00,22.8,31.57019968137547,77,93
2026-05-13 12:00:00+00:00,27.9,27.41152422989565,86,85
2026-05-13 13:00:00+00:00,36.9,34.27065802936983,104,98
2026-05-13 14:00:00+00:00,50.2,43.62853391517075,137,121
2026-05-13 15:00:00+00:00,47.0,57.25307999890294,129,152
2026-05-13 16:00:00+00:00,36.5,48.79514303243064,103,134
2026-05-13 17:00:00+00:00,26.2,38.39956266034501,83,108
2026-05-13 18:00:00+00:00,30.5,28.818262073737575,91,88
2026-05-13 19:00:00+00:00,30.1,35.19638308312551,90,99
2026-05-13 20:00:00+00:00,38.9,33.426911761677474,109,96
2026-05-13 21:00:00+00:00,64.4,44.4274689148025,157,123
2026-05-13 22:00:00+00:00,92.4,72.20996006953807,177,163
2026-05-13 23:00:00+00:00,87.7,97.51184120003745,174,180
2026-05-14 00:00:00+00:00,107.0,77.57255476844733,187,166
2026-05-14 01:00:00+00:00,94.7,100.63155573037706,178,183
2026-05-14 02:00:00+00:00,68.5,81.07738484841126,160,169
2026-05-14 03:00:00+00:00,47.7,54.18685326373939,131,147
2026-05-14 04:00:00+00:00,45.0,36.16761574119912,124,102
2026-05-14 05:00:00+00:00,40.7,37.87203352135501,114,107
2026-05-14 06:00:00+00:00,63.9,34.554209673909924,157,98
2026-05-14 07:00:00+00:00,45.8,63.77283208749796,126,157
2026-05-14 08:00:00+00:00,51.1,40.388579647648484,139,113
2026-05-14 09:00:00+00:00,57.9,52.56793375709715,153,143
2026-05-14 10:00:00+00:00,54.4,57.932538896857466,148,153
2026-05-14 11:00:00+00:00,48.8,52.87142967238519,134,144
2026-05-14 12:00:00+00:00,38.9,48.185594250383154,109,132
2026-05-14 13:00:00+00:00,55.1,39.61499982612097,149,111
2026-05-14 14:00:00+00:00,46.7,60.60032314073534,129,155
2026-05-14 15:00:00+00:00,34.4,47.31976976500654,98,130
2026-05-14 16:00:00+00:00,28.7,36.67692793366322,88,104
2026-05-14 17:00:00+00:00,22.8,32.79401965890297,77,95
2026-05-14 18:00:00+00:00,13.4,27.89139953107624,59,86
2026-05-14 19:00:00+00:00,11.2,19.137734001652394,55,70
2026-05-14 20:00:00+00:00,7.6,20.433469192729056,42,72
2026-05-14 21:00:00+00:00,6.0,19.08419162134362,33,69
2026-05-14 22:00:00+00:00,5.4,20.39830623129694,30,72
2026-05-14 23:00:00+00:00,5.4,20.199159143573933,30,71
2026-05-15 00:00:00+00:00,8.6,12.73144048218419,48,58
2026-05-15 01:00:00+00:00,9.1,15.603863162410335,51,63
2026-05-15 02:00:00+00:00,10.5,13.997388487488003,54,60
2026-05-15 03:00:00+00:00,16.5,14.477084815544849,65,61
2026-05-15 04:00:00+00:00,27.4,20.712862841809326,85,73
2026-05-15 05:00:00+00:00,30.1,31.23114616226085,90,92
2026-05-15 06:00:00+00:00,26.6,33.16812092735029,84,96
2026-05-15 07:00:00+00:00,29.2,27.87980697394159,88,86
2026-05-15 08:00:00+00:00,27.2,31.595603845779465,85,93
2026-05-15 09:00:00+00:00,27.4,28.54550647664477,85,87
2026-05-15 10:00:00+00:00,26.8,28.966798412406366,84,88
2026-05-15 11:00:00+00:00,35.1,28.011473274949267,99,86
2026-05-15 12:00:00+00:00,40.4,37.15961707899704,113,105
2026-05-15 13:00:00+00:00,44.1,42.21231972623187,122,117
2026-05-15 14:00:00+00:00,41.4,45.206693831489034,116,125
2026-05-15 15:00:00+00:00,44.0,40.88021659576724,122,114
2026-05-15 16:00:00+00:00,48.1,44.17096513996632,132,122
2026-05-15 17:00:00+00:00,36.4,47.520152629654774,103,131
2026-05-15 18:00:00+00:00,28.1,33.395970561015396,86,96
2026-05-15 19:00:00+00:00,21.1,27.39032611631646,73,85
2026-05-15 20:00:00+00:00,20.5,21.352326415481592,72,74
2026-05-15 21:00:00+00:00,21.2,22.622346372663042,74,76
2026-05-15 22:00:00+00:00,24.3,24.274106632564393,79,79
2026-05-15 23:00:00+00:00,19.6,28.917903873401706,71,88
2026-05-16 00:00:00+00:00,23.9,15.150707595472507,79,62
2026-05-16 01:00:00+00:00,22.9,21.851541380040576,77,75
2026-05-16 02:00:00+00:00,26.6,19.95302408148765,84,71
2026-05-16 03:00:00+00:00,27.1,25.23455756069525,85,81
2026-05-16 04:00:00+00:00,28.1,25.781367223900403,86,82
2026-05-16 05:00:00+00:00,28.0,27.44474845382137,86,85
2026-05-16 06:00:00+00:00,30.4,27.015236697494238,91,84
2026-05-16 07:00:00+00:00,34.8,30.13132368525391,99,90
2026-05-16 08:00:00+00:00,35.15,34.50285669005953,99,98
2026-05-16 09:00:00+00:00,35.5,34.27018972332044,101,98
2026-05-16 10:00:00+00:00,35.2,34.97338487660148,100,99
2026-05-16 11:00:00+00:00,36.6,35.1957678863418,104,99
2026-05-16 12:00:00+00:00,39.1,37.23111947026679,110,105
2026-05-16 13:00:00+00:00,37.5,40.01583928665002,106,112
2026-05-16 14:00:00+00:00,38.4,37.84582091198405,108,107
2026-05-16 15:00:00+00:00,30.3,39.739325344192935,90,111
2026-05-16 16:00:00+00:00,17.5,30.898869470942316,67,91
2026-05-16 17:00:00+00:00,10.3,18.204801569748888,53,68
2026-05-16 18:00:00+00:00,9.9,12.760286762723847,52,58
2026-05-16 19:00:00+00:00,12.2,13.802498100153496,57,60
2026-05-16 20:00:00+00:00,23.5,17.167450432917096,78,66
2026-05-16 21:00:00+00:00,32.5,30.468792679736712,95,91
2026-05-16 22:00:00+00:00,19.5,39.05747345316647,70,110
2026-05-16 23:00:00+00:00,19.7,23.159535581747818,71,77
2026-05-17 00:00:00+00:00,27.2,17.930379333169693,85,67
2026-05-17 01:00:00+00:00,39.1,25.259368363247948,110,81
2026-05-17 02:00:00+00:00,39.1,36.99192938739191,110,104
2026-05-17 03:00:00+00:00,40.6,34.95564371288852,114,99
2026-05-17 04:00:00+00:00,46.2,37.683643660321835,127,106
2026-05-17 05:00:00+00:00,47.2,43.275615616925194,130,120
2026-05-17 06:00:00+00:00,47.1,42.99861069339238,130,119
2026-05-17 07:00:00+00:00,55.2,43.06023144267697,150,119
2026-05-17 08:00:00+00:00,56.0,52.30772892806023,151,142
2026-05-17 09:00:00+00:00,53.8,51.44443247143822,146,140
2026-05-17 10:00:00+00:00,41.7,49.31134680649009,116,135
2026-05-17 11:00:00+00:00,36.6,36.66510654142092,104,104
2026-05-17 12:00:00+00:00,37.8,34.06932669490205,107,97
2026-05-17 13:00:00+00:00,38.9,36.24850519906767,109,103
2026-05-17 14:00:00+00:00,38.6,37.88772699648003,109,107
2026-05-17 15:00:00+00:00,35.7,37.92004015635634,101,107
2026-05-17 16:00:00+00:00,30.3,35.06998115414808,90,99
2026-05-17 17:00:00+00:00,26.7,29.9309752712742,84,90
2026-05-17 18:00:00+00:00,21.4,27.523895699234107,74,85
2026-05-17 19:00:00+00:00,23.1,22.984245521319814,77,77
2026-05-17 20:00:00+00:00,30.4,27.36275067125739,91,85
2026-05-17 21:00:00+00:00,25.4,36.141803762945116,81,102
2026-05-17 22:00:00+00:00,37.8,29.01264035071514,107,88
2026-05-17 23:00:00+00:00,20.4,44.881409926963144,72,124
2026-05-18 00:00:00+00:00,27.8,17.60748491424754,86,67
2026-05-18 01:00:00+00:00,41.3,31.26923371899158,115,92
2026-05-18 02:00:00+00:00,37.0,43.66121310587789,105,121
2026-05-18 03:00:00+00:00,36.6,36.67284937993938,104,104
2026-05-18 04:00:00+00:00,34.4,38.27606553105973,98,108
2026-05-18 05:00:00+00:00,42.1,36.01854220012551,117,102
2026-05-18 06:00:00+00:00,40.3,44.77834932674686,113,124
2026-05-18 07:00:00+00:00,41.0,41.30959427858363,115,115
2026-05-18 08:00:00+00:00,40.3,43.33110294499359,113,120
2026-05-18 09:00:00+00:00,38.8,42.29270711017621,109,117
2026-05-18 10:00:00+00:00,37.6,40.301709437688004,106,113
2026-05-18 11:00:00+00:00,36.8,39.13598187476047,104,110
2026-05-18 12:00:00+00:00,42.5,38.977813764442075,118,109
2026-05-18 13:00:00+00:00,37.2,45.920527763211204,105,127
2026-05-18 14:00:00+00:00,16.5,39.112010047142974,65,110
2026-05-18 15:00:00+00:00,50.2,17.91489073160665,137,67
2026-05-18 16:00:00+00:00,52.0,59.964629626038786,142,154
2026-05-18 17:00:00+00:00,51.7,53.41743564017821,141,145
2026-05-18 18:00:00+00:00,51.6,54.695921558997426,141,148
2026-05-18 19:00:00+00:00,48.3,55.07518051881564,133,149
2026-05-18 20:00:00+00:00,62.2,51.8329062793613,156,141
2026-05-18 21:00:00+00:00,99.1,67.01202228563103,182,159
2026-05-18 22:00:00+00:00,85.3,105.7078674469612,172,186
2026-05-18 23:00:00+00:00,81.4,81.82549489747201,169,169
2026-05-19 00:00:00+00:00,70.8,73.81621830501638,162,164
2026-05-19 01:00:00+00:00,57.2,62.283966102333494,152,156
2026-05-19 02:00:00+00:00,50.6,48.61790322240208,138,133
2026-05-19 03:00:00+00:00,50.9,44.00528754117578,139,122
2026-05-19 04:00:00+00:00,50.3,46.785230926305516,137,129
2026-05-19 05:00:00+00:00,58.6,47.684064362627154,153,131
2026-05-19 06:00:00+00:00,63.5,58.43343032078933,157,153
2026-05-19 07:00:00+00:00,45.3,63.04387483398167,125,156
2026-05-19 08:00:00+00:00,47.3,42.62420054174886,130,118
2026-05-19 09:00:00+00:00,42.5,49.42812003460341,118,135
2026-05-19 10:00:00+00:00,45.5,42.90841021396201,126,119
2026-05-19 11:00:00+00:00,50.4,47.979934051390046,138,132
2026-05-19 12:00:00+00:00,47.2,53.64865753708357,130,146
2026-05-19 13:00:00+00:00,58.3,49.85698123503093,153,136
2026-05-19 14:00:00+00:00,62.8,62.38470327532123,156,156
2026-05-19 15:00:00+00:00,46.6,66.93553846949425,128,159
2026-05-19 16:00:00+00:00,42.4,48.59971111491098,118,133
2026-05-19 17:00:00+00:00,35.8,47.86174785879513,102,131
2026-05-19 18:00:00+00:00,34.7,40.8715600754073,99,114
2026-05-19 19:00:00+00:00,32.8,41.2071149633845,95,115
2026-05-19 20:00:00+00:00,33.7,40.73841459855358,97,114
2026-05-19 21:00:00+00:00,31.2,45.31348786871252,92,125
2026-05-19 22:00:00+00:00,28.8,41.88562719433471,88,117
2026-05-19 23:00:00+00:00,31.2,40.0138324272595,92,112
2026-05-20 00:00:00+00:00,33.0,33.68896665798145,96,97
2026-05-20 01:00:00+00:00,35.4,34.52431724063345,100,98
2026-05-20 02:00:00+00:00,38.7,36.823509269292614,109,104
2026-05-20 03:00:00+00:00,45.3,40.33641500994873,125,113
2026-05-20 04:00:00+00:00,41.2,47.132902263898636,115,130
2026-05-20 05:00:00+00:00,52.2,41.64820046473014,142,116
2026-05-20 06:00:00+00:00,43.7,55.32951134047966,121,150
2026-05-20 07:00:00+00:00,45.0,41.95810320277398,124,117
2026-05-20 08:00:00+00:00,45.7,46.07498441491447,126,127
2026-05-20 09:00:00+00:00,45.7,45.86041413312861,126,126
2026-05-20 10:00:00+00:00,45.7,46.32943116424063,126,128
2026-05-20 11:00:00+00:00,45.2,46.84560208710817,125,129
2026-05-20 12:00:00+00:00,42.4,46.669477050215505,118,128
2026-05-20 13:00:00+00:00,42.2,44.56566211259355,117,123
2026-05-20 14:00:00+00:00,43.7,45.48804365370966,121,125
2026-05-20 15:00:00+00:00,39.8,46.46933634632471,112,128
2026-05-20 16:00:00+00:00,42.4,41.993733179119474,118,117
2026-05-20 17:00:00+00:00,41.2,45.971830019330135,115,127
2026-05-20 18:00:00+00:00,42.4,44.26743360278272,118,122
2026-05-20 19:00:00+00:00,43.3,46.35608342438542,120,128
2026-05-20 20:00:00+00:00,43.4,47.4792647954288,120,130
2026-05-20 21:00:00+00:00,46.5,47.77449838081083,128,131
2026-05-20 22:00:00+00:00,47.9,51.42569958131455,132,140
2026-05-20 23:00:00+00:00,47.1,52.79376231146448,130,143
2026-05-21 00:00:00+00:00,48.5,43.1240834786434,133,120
2026-05-21 01:00:00+00:00,47.8,45.344877309961106,131,125
2026-05-21 02:00:00+00:00,47.9,44.65569034190393,132,123
2026-05-21 03:00:00+00:00,51.3,45.62462610357681,140,126
2026-05-21 04:00:00+00:00,50.9,49.42655222388378,139,135
2026-05-21 05:00:00+00:00,51.4,49.18686692640859,140,134
2026-05-21 06:00:00+00:00,58.6,49.80447309578352,153,136
2026-05-21 07:00:00+00:00,73.0,58.036683878126745,163,153
2026-05-21 08:00:00+00:00,60.3,72.66349907092182,154,163
2026-05-21 09:00:00+00:00,68.9,55.720014105667474,160,151
2026-05-21 10:00:00+00:00,73.8,69.00146439751167,164,160
2026-05-21 11:00:00+00:00,67.1,71.63072195012663,159,162
2026-05-21 12:00:00+00:00,64.4,63.35479811722146,157,156
2026-05-21 13:00:00+00:00,65.2,62.269615922053724,158,156
2026-05-21 14:00:00+00:00,72.2,64.12683096974904,163,157
2026-05-21 15:00:00+00:00,70.8,71.64344880496567,162,162
2026-05-21 16:00:00+00:00,70.7,69.27055406217201,162,161
2026-05-21 17:00:00+00:00,76.1,70.48824609626405,165,161
2026-05-21 18:00:00+00:00,97.6,76.87635839183511,181,166
2026-05-21 19:00:00+00:00,58.8,99.81329380327647,153,182
2026-05-21 20:00:00+00:00,48.0,52.21644976753421,132,142
2026-05-21 21:00:00+00:00,49.4,50.800546981911566,135,139
2026-05-21 22:00:00+00:00,48.3,53.174283784878625,133,144
2026-05-21 23:00:00+00:00,50.2,51.99066815662033,137,141
2026-05-22 00:00:00+00:00,54.0,46.81135624335477,147,129
2026-05-22 01:00:00+00:00,49.8,52.54509914991572,136,143
2026-05-22 02:00:00+00:00,52.6,47.79223308134144,143,131
2026-05-22 03:00:00+00:00,50.2,52.51830525402744,137,143
2026-05-22 04:00:00+00:00,50.0,49.21760940583698,137,135
2026-05-22 05:00:00+00:00,42.7,49.99506465568356,119,136
2026-05-22 06:00:00+00:00,30.5,42.5187519953826,91,118
2026-05-22 07:00:00+00:00,44.6,31.919292874616772,123,93
2026-05-22 08:00:00+00:00,42.3,49.675698967693876,118,136
2026-05-22 09:00:00+00:00,49.7,44.38998911626601,136,123
2026-05-22 10:00:00+00:00,63.5,54.78693762004669,157,148
2026-05-22 11:00:00+00:00,54.5,68.27468585025872,148,160
2026-05-22 12:00:00+00:00,55.2,55.396190109757285,150,150
2026-05-22 13:00:00+00:00,90.6,58.47815472657847,176,153
2026-05-22 14:00:00+00:00,89.5,97.32474147127843,175,180
2026-05-22 15:00:00+00:00,87.2,87.53317307321602,173,173
2026-05-22 16:00:00+00:00,93.1,86.69420779345096,177,173
2026-05-22 17:00:00+00:00,55.7,93.56434498003297,151,178
2026-05-22 18:00:00+00:00,46.5,50.959720941979874,128,139
2026-05-22 19:00:00+00:00,45.9,46.83960096193996,127,129
2026-05-22 20:00:00+00:00,47.4,46.75107642021709,130,129
2026-05-22 21:00:00+00:00,48.7,49.855365251140725,134,136
2026-05-22 22:00:00+00:00,48.5,52.621456804177726,133,143
2026-05-22 23:00:00+00:00,49.1,54.24701547565346,134,147
2026-05-23 00:00:00+00:00,49.4,46.82662630320314,135,129
2026-05-23 01:00:00+00:00,46.5,47.02667812577354,128,129
2026-05-23 02:00:00+00:00,45.5,44.17091534973027,126,122
2026-05-23 03:00:00+00:00,47.0,43.89965038530302,129,121
2026-05-23 04:00:00+00:00,48.1,46.00171326934591,132,127
2026-05-23 05:00:00+00:00,48.6,46.83326432274648,133,129
2026-05-23 06:00:00+00:00,47.9,47.01491532244323,132,129
2026-05-23 07:00:00+00:00,47.5,47.474117357636516,131,130
2026-05-23 08:00:00+00:00,49.2,47.40823083057626,135,130
2026-05-23 09:00:00+00:00,49.7,50.05268215913391,136,137
2026-05-23 10:00:00+00:00,49.3,51.26269725281308,135,140
2026-05-23 11:00:00+00:00,52.1,50.55501064319732,142,138
2026-05-23 12:00:00+00:00,58.5,54.11857085090893,153,147
2026-05-23 13:00:00+00:00,53.8,62.752214360061025,146,156
2026-05-23 14:00:00+00:00,52.5,56.124955371515085,143,151
2026-05-23 15:00:00+00:00,50.9,55.94854185607526,139,151
2026-05-23 16:00:00+00:00,50.4,54.49754316807902,138,148
2026-05-23 17:00:00+00:00,48.4,52.18031460876536,133,142
2026-05-23 18:00:00+00:00,46.7,49.83217691496775,129,136
2026-05-23 19:00:00+00:00,45.8,49.01073890629729,126,134
2026-05-23 20:00:00+00:00,45.8,48.9169373249368,126,134
2026-05-23 21:00:00+00:00,46.6,49.63822906423796,128,136
2026-05-23 22:00:00+00:00,47.2,50.97018909795665,130,139
2026-05-23 23:00:00+00:00,46.5,51.9806755501462,128,141
2026-05-24 00:00:00+00:00,46.3,42.514517147245996,128,118
2026-05-24 01:00:00+00:00,45.4,42.66395102471442,125,118
2026-05-24 02:00:00+00:00,46.1,41.94003310321764,127,117
2026-05-24 03:00:00+00:00,46.2,43.34043833379628,127,120
2026-05-24 04:00:00+00:00,46.5,43.67311283320416,128,121
2026-05-24 05:00:00+00:00,47.1,44.43972463774887,130,123
2026-05-24 06:00:00+00:00,46.9,45.35495828776671,129,125
2026-05-24 07:00:00+00:00,47.3,45.32998512688672,130,125
2026-05-24 08:00:00+00:00,48.5,46.24898571687442,133,127
2026-05-24 09:00:00+00:00,49.5,47.814259031982246,135,131
2026-05-24 10:00:00+00:00,27.7,48.94937585670314,86,134
2026-05-24 11:00:00+00:00,28.1,25.03112307136281,86,81
2026-05-24 12:00:00+00:00,39.0,31.2906217614092,110,92
2026-05-24 13:00:00+00:00,43.1,42.39347149906895,120,118
2026-05-24 14:00:00+00:00,48.8,45.20588914695213,134,125
2026-05-24 15:00:00+00:00,37.9,51.83100505856677,107,141
2026-05-24 16:00:00+00:00,7.2,39.17333649973352,40,110
2026-05-24 17:00:00+00:00,21.1,7.552547313451763,73,42
2026-05-24 18:00:00+00:00,28.9,29.3327562445127,88,89
2026-05-24 19:00:00+00:00,41.7,33.80185139117471,116,97
2026-05-24 20:00:00+00:00,36.1,48.09982848372648,102,132
2026-05-24 21:00:00+00:00,40.4,40.39401213652511,113,113
2026-05-24 22:00:00+00:00,56.8,47.588309499923746,152,131
2026-05-24 23:00:00+00:00,53.4,63.638077351573216,145,157
2026-05-25 00:00:00+00:00,52.4,50.38446861433027,143,137
2026-05-25 01:00:00+00:00,42.3,50.58862896325094,118,138
2026-05-25 02:00:00+00:00,42.3,39.41250317581104,118,111
2026-05-25 03:00:00+00:00,43.7,41.55337295364526,121,116
2026-05-25 04:00:00+00:00,44.0,42.699851809998506,122,118
2026-05-25 05:00:00+00:00,24.9,43.57306629325793,80,121
2026-05-25 06:00:00+00:00,12.2,23.0594023487993,57,77
2026-05-25 07:00:00+00:00,19.0,14.13899719467004,69,60
2026-05-25 08:00:00+00:00,35.9,24.274208921096857,102,79
2026-05-25 09:00:00+00:00,45.2,41.811921902481856,125,117
2026-05-25 10:00:00+00:00,46.0,48.45671559348547,127,133
2026-05-25 11:00:00+00:00,43.6,49.015165701406005,121,134
2026-05-25 12:00:00+00:00,46.2,47.142971187479304,127,130
2026-05-25 13:00:00+00:00,39.0,50.089863568540686,110,137
2026-05-25 14:00:00+00:00,44.3,41.13221366524536,123,115
2026-05-25 15:00:00+00:00,49.0,48.27142812002122,134,132
2026-05-25 16:00:00+00:00,49.6,50.63869100686836,136,138
2026-05-25 17:00:00+00:00,56.4,51.955369135778994,152,141
2026-05-25 18:00:00+00:00,50.0,60.442451472242645,137,154
2026-05-25 19:00:00+00:00,45.9,52.837528326813505,127,144
2026-05-25 20:00:00+00:00,42.5,49.785486091195786,118,136
2026-05-25 21:00:00+00:00,40.6,47.014794200105754,114,129
2026-05-25 22:00:00+00:00,11.5,46.82430729605782,55,129
2026-05-25 23:00:00+00:00,24.3,15.070167150628276,79,62
2026-05-26 00:00:00+00:00,7.4,27.764372324683748,41,86
2026-05-26 01:00:00+00:00,14.6,4.904440707703973,61,27
2026-05-26 02:00:00+00:00,31.9,18.759628331244507,93,69
2026-05-26 03:00:00+00:00,40.4,36.56513109832184,113,103
2026-05-26 04:00:00+00:00,37.3,43.52298994566416,105,121
2026-05-26 05:00:00+00:00,34.7,37.78114549110426,99,106
2026-05-26 06:00:00+00:00,13.0,35.39229325273606,58,100
2026-05-26 07:00:00+00:00,17.8,11.537051152163073,67,55
2026-05-26 08:00:00+00:00,23.5,22.477239039735824,78,76
2026-05-26 09:00:00+00:00,26.5,27.582668354483047,83,85
2026-05-26 10:00:00+00:00,28.1,30.9247558328482,86,92
2026-05-26 11:00:00+00:00,36.0,32.956212224534745,102,95
2026-05-26 12:00:00+00:00,40.5,42.237349115704994,113,117
2026-05-26 13:00:00+00:00,40.7,44.804690077884985,114,124
2026-05-26 14:00:00+00:00,46.6,44.498118139318045,128,123
2026-05-26 15:00:00+00:00,48.9,51.30455072067533,134,140
2026-05-26 16:00:00+00:00,49.0,52.32339397234409,134,142
2026-05-26 17:00:00+00:00,50.5,52.35980227070434,138,142
2026-05-26 18:00:00+00:00,46.7,53.666929938015315,129,146
2026-05-26 19:00:00+00:00,46.7,48.928903626857526,129,134
2026-05-26 20:00:00+00:00,40.9,49.7801434149473,114,136
2026-05-26 21:00:00+00:00,39.5,43.35433114628997,111,120
2026-05-26 22:00:00+00:00,38.1,42.03657035194528,107,117
2026-05-26 23:00:00+00:00,37.8,41.930992167148425,107,117
2026-05-27 00:00:00+00:00,32.0,32.710603107045316,94,95
2026-05-27 01:00:00+00:00,32.6,27.479466455838757,95,85
2026-05-27 02:00:00+00:00,5.5,31.245761946748857,31,92
2026-05-27 03:00:00+00:00,7.2,1.759906220517994,40,9
2026-05-27 04:00:00+00:00,19.7,10.457068302705279,71,53
2026-05-27 05:00:00+00:00,26.9,23.24532791215788,84,77
2026-05-27 06:00:00+00:00,25.2,28.477335894708908,81,87
2026-05-27 07:00:00+00:00,27.3,26.83496162111957,85,84
2026-05-27 08:00:00+00:00,29.6,30.97982865077419,89,92
2026-05-27 09:00:00+00:00,30.5,32.763228259490774,91,95
2026-05-27 10:00:00+00:00,29.7,33.10878556341737,89,96
2026-05-27 11:00:00+00:00,31.5,32.61779862048046,93,95
2026-05-27 12:00:00+00:00,40.9,35.310258170806975,114,100
2026-05-27 13:00:00+00:00,43.0,45.411030935006316,119,125
2026-05-27 14:00:00+00:00,47.4,46.12747221999022,130,127
2026-05-27 15:00:00+00:00,42.9,51.21178372705013,119,140
2026-05-27 16:00:00+00:00,38.0,45.2118183776018,107,125
2026-05-27 17:00:00+00:00,36.6,40.94364670266762,104,114
2026-05-27 18:00:00+00:00,34.2,39.94063842781679,98,112
2026-05-27 19:00:00+00:00,29.2,37.67726501027299,88,106
2026-05-27 20:00:00+00:00,34.5,32.79799882767082,98,95
2026-05-27 21:00:00+00:00,35.9,40.39627425559709,102,113
2026-05-27 22:00:00+00:00,43.8,41.05580141183349,121,115
2026-05-27 23:00:00+00:00,45.6,50.29698412757884,126,137
2026-05-28 00:00:00+00:00,44.1,41.55578820507101,122,116
2026-05-28 01:00:00+00:00,40.5,40.12805615990416,113,112
2026-05-28 02:00:00+00:00,40.4,34.97780615281704,113,99
2026-05-28 03:00:00+00:00,38.7,35.95320245305617,109,102
2026-05-28 04:00:00+00:00,36.5,34.92098407403038,103,99
2026-05-28 05:00:00+00:00,23.9,33.864288400081,79,97
2026-05-28 06:00:00+00:00,21.4,20.852653288949664,74,73
2026-05-28 07:00:00+00:00,20.9,21.700482837621315,73,74
2026-05-28 08:00:00+00:00,26.3,21.91593803068168,83,75
2026-05-28 09:00:00+00:00,29.4,28.87776783937846,89,88
2026-05-28 10:00:00+00:00,31.2,31.888568954797776,92,93
2026-05-28 11:00:00+00:00,35.3,34.31528630972306,100,98
2026-05-28 12:00:00+00:00,42.8,39.321008724076094,119,110
2026-05-28 13:00:00+00:00,48.2,46.873701543060264,132,129
2026-05-28 14:00:00+00:00,51.3,51.428222698660036,140,140
2026-05-28 15:00:00+00:00,58.7,53.61276083258565,153,146
2026-05-28 16:00:00+00:00,57.7,60.92513703363748,153,155
2026-05-28 17:00:00+00:00,56.7,57.936248787547584,152,153
2026-05-28 18:00:00+00:00,52.5,57.10290789530825,143,152
2026-05-28 19:00:00+00:00,49.7,52.306087695239356,136,142
2026-05-28 20:00:00+00:00,49.2,50.63095117423539,135,138
2026-05-28 21:00:00+00:00,51.2,50.94522135918607,140,139
2026-05-28 22:00:00+00:00,53.3,54.27696747157306,145,147
2026-05-28 23:00:00+00:00,54.7,56.88535429921146,148,152
2026-05-29 00:00:00+00:00,52.6,49.55667827448462,143,135
2026-05-29 01:00:00+00:00,46.0,47.222517007633975,127,130
2026-05-29 02:00:00+00:00,39.5,40.74543593621914,111,114
2026-05-29 03:00:00+00:00,45.0,35.157413762449096,124,99
2026-05-29 04:00:00+00:00,46.3,42.80321643509601,128,119
2026-05-29 05:00:00+00:00,47.6,42.66841030982236,131,118
2026-05-29 06:00:00+00:00,52.0,44.8616521323371,142,124
2026-05-29 07:00:00+00:00,47.6,50.22254800387032,131,137
2026-05-29 08:00:00+00:00,48.0,45.14291121775789,132,125
2026-05-29 09:00:00+00:00,49.3,47.16464416184269,135,130
2026-05-29 10:00:00+00:00,49.3,48.68313672492144,135,133
2026-05-29 11:00:00+00:00,34.4,49.02388351387491,98,134
2026-05-29 12:00:00+00:00,14.9,33.36332054349177,62,96
2026-05-29 13:00:00+00:00,28.4,16.01478721458852,87,64
2026-05-29 14:00:00+00:00,35.0,35.485514279480064,99,100
2026-05-29 15:00:00+00:00,38.8,40.001679909971486,109,112
2026-05-29 16:00:00+00:00,34.4,44.43852087249778,98,123
2026-05-29 17:00:00+00:00,30.2,39.77582683292792,90,111
2026-05-29 18:00:00+00:00,35.0,36.27587542840935,99,103
2026-05-29 19:00:00+00:00,33.4,41.70701217344893,96,116
2026-05-29 20:00:00+00:00,40.8,38.66253022241195,114,109
2026-05-29 21:00:00+00:00,37.4,47.96350693394779,106,132
2026-05-29 22:00:00+00:00,38.5,42.89010815854161,108,119
2026-05-29 23:00:00+00:00,43.7,45.55312226283622,121,126
2026-05-30 00:00:00+00:00,45.4,41.697937610680626,125,116
2026-05-30 01:00:00+00:00,44.4,42.221479332782394,123,117
2026-05-30 02:00:00+00:00,42.2,40.69035466314689,117,114
2026-05-30 03:00:00+00:00,38.8,39.131501185935086,109,110
2026-05-30 04:00:00+00:00,34.7,35.986159199116955,99,102
2026-05-30 05:00:00+00:00,34.4,32.35947430159184,98,94
2026-05-30 06:00:00+00:00,69.8,33.47728860838813,161,96
2026-05-30 07:00:00+00:00,34.2,72.94908039614592,98,163
2026-05-30 08:00:00+00:00,32.7,25.7143908733342,95,82
2026-05-30 09:00:00+00:00,32.1,34.45056431042655,94,98
2026-05-30 10:00:00+00:00,33.9,32.133533503675416,97,94
2026-05-30 11:00:00+00:00,34.1,33.67929438307777,98,97
2026-05-30 12:00:00+00:00,32.8,32.78648369200599,95,95
2026-05-30 13:00:00+00:00,86.2,33.88278159636926,173,97
2026-05-30 14:00:00+00:00,47.3,94.23408448004301,130,178
2026-05-30 15:00:00+00:00,50.9,38.92288114808497,139,109
2026-05-30 16:00:00+00:00,73.9,54.23898311186848,164,147
2026-05-30 17:00:00+00:00,84.0,75.99597163176456,171,165
2026-05-30 18:00:00+00:00,71.8,82.18448652835811,162,170
2026-05-30 19:00:00+00:00,64.3,66.89155145559805,157,159
2026-05-30 20:00:00+00:00,71.9,63.26874278879157,162,156
2026-05-30 21:00:00+00:00,71.9,72.1342796407685,162,163
2026-05-30 22:00:00+00:00,77.6,69.93575952855238,166,161
2026-05-30 23:00:00+00:00,75.7,77.68946496542623,165,166
2026-05-31 00:00:00+00:00,74.1,66.25177396746399,164,159
2026-05-31 01:00:00+00:00,64.9,65.59994723971771,158,158
2026-05-31 02:00:00+00:00,53.9,55.65496392828544,146,151
2026-05-31 03:00:00+00:00,47.4,45.783277734632925,130,126
2026-05-31 04:00:00+00:00,47.4,41.06096341351151,130,115
2026-05-31 05:00:00+00:00,47.4,43.12197908179904,130,120
2026-05-31 06:00:00+00:00,43.1,46.04401214571597,120,127
2026-05-31 07:00:00+00:00,42.0,40.471228197609385,117,113
2026-05-31 08:00:00+00:00,42.7,41.22599951988394,119,115
2026-05-31 09:00:00+00:00,40.4,42.72951376496528,113,119
2026-05-31 10:00:00+00:00,36.4,40.637332754271505,103,114
2026-05-31 11:00:00+00:00,39.3,37.36944421403962,110,105
2026-05-31 12:00:00+00:00,44.5,41.939961641488495,123,117
2026-05-31 13:00:00+00:00,56.9,50.30016362760018,152,137
2026-05-31 14:00:00+00:00,61.8,61.072969586327844,155,155
2026-05-31 15:00:00+00:00,64.6,64.41765731648823,157,157
2026-05-31 16:00:00+00:00,60.0,68.29526470326661,154,160
2026-05-31 17:00:00+00:00,56.8,62.8149310895064,152,156
2026-05-31 18:00:00+00:00,70.9,59.22495560028011,162,154
2026-05-31 19:00:00+00:00,58.8,74.64866551900789,153,164
2026-05-31 20:00:00+00:00,56.1,58.406618398359825,151,153
2026-05-31 21:00:00+00:00,51.8,59.2565596142213,141,154
2026-05-31 22:00:00+00:00,47.9,55.08745856307747,132,149
2026-05-31 23:00:00+00:00,47.1,51.84824238798396,130,141
2026-06-01 00:00:00+00:00,48.4,46.37565907904724,133,128
2026-06-01 01:00:00+00:00,47.8,48.24033229011008,131,132
2026-06-01 02:00:00+00:00,44.9,47.268147922849124,124,130
2026-06-01 03:00:00+00:00,46.0,44.514074915991955,127,123
2026-06-01 04:00:00+00:00,47.2,46.87518615013629,130,129
2026-06-01 05:00:00+00:00,47.6,48.19516015562458,131,132
2026-06-01 06:00:00+00:00,44.4,48.58053597120791,123,133
2026-06-01 07:00:00+00:00,43.5,45.37688422659187,121,125
2026-06-01 08:00:00+00:00,47.3,45.59318502972499,130,126
2026-06-01 09:00:00+00:00,46.1,50.06122870276272,127,137
2026-06-01 10:00:00+00:00,45.3,48.01284305043579,125,132
2026-06-01 11:00:00+00:00,42.9,48.24246951136505,119,132
2026-06-01 12:00:00+00:00,44.2,46.418372745813,122,128
2026-06-01 13:00:00+00:00,104.0,49.38243081745564,185,135
2026-06-01 14:00:00+00:00,52.4,115.85561521517081,143,193
2026-06-01 15:00:00+00:00,45.4,45.081948453606174,125,124
2026-06-01 16:00:00+00:00,43.5,51.87200640830734,121,141
2026-06-01 17:00:00+00:00,44.6,47.774980939960706,123,131
2026-06-01 18:00:00+00:00,42.2,49.94136751903399,117,136
2026-06-01 19:00:00+00:00,40.5,46.44173833167139,113,128
2026-06-01 20:00:00+00:00,39.6,47.395029178323156,111,130
2026-06-01 21:00:00+00:00,40.2,47.02648655157326,113,129
2026-06-01 22:00:00+00:00,40.8,48.034251976895725,114,132
2026-06-01 23:00:00+00:00,39.6,48.89607380285783,111,134
2026-06-02 00:00:00+00:00,41.7,38.98117383782351,116,109
2026-06-02 01:00:00+00:00,43.0,41.96261143198616,119,117
2026-06-02 02:00:00+00:00,46.9,43.00767575562358,129,119
2026-06-02 03:00:00+00:00,46.2,47.49723325361544,127,130
2026-06-02 04:00:00+00:00,44.1,46.195190940550674,122,127
2026-06-02 05:00:00+00:00,45.2,44.45774938118774,125,123
2026-06-02 06:00:00+00:00,45.8,46.066512368180604,126,127
2026-06-02 07:00:00+00:00,45.6,46.54985696941251,126,128
2026-06-02 08:00:00+00:00,46.8,46.75865566420483,129,129
2026-06-02 09:00:00+00:00,50.5,48.49772662911304,138,133
2026-06-02 10:00:00+00:00,52.5,52.63758589333471,143,143
2026-06-02 11:00:00+00:00,47.0,54.2051220502051,129,147
2026-06-02 12:00:00+00:00,51.1,48.16722267021828,139,132
2026-06-02 13:00:00+00:00,49.6,57.60755854020729,136,152
2026-06-02 14:00:00+00:00,47.7,51.735730285214814,131,141
2026-06-02 15:00:00+00:00,45.0,50.07295950375331,124,137
2026-06-02 16:00:00+00:00,45.8,47.728274906433306,126,131
2026-06-02 17:00:00+00:00,41.9,49.731180512140625,117,136
2026-06-02 18:00:00+00:00,40.9,45.324553470347155,114,125
2026-06-02 19:00:00+00:00,40.4,45.656807781301865,113,126
2026-06-02 20:00:00+00:00,43.1,45.654243897951865,120,126
2026-06-02 21:00:00+00:00,43.2,49.33441456436465,120,135
2026-06-02 22:00:00+00:00,43.2,49.324849267105066,120,135
2026-06-02 23:00:00+00:00,43.8,49.88286626386473,121,136
2026-06-03 00:00:00+00:00,44.4,41.97984431083446,123,117
2026-06-03 01:00:00+00:00,45.6,42.85948941231778,126,119
2026-06-03 02:00:00+00:00,50.9,44.546452382607804,139,123
2026-06-03 03:00:00+00:00,54.3,50.44434930027758,147,138
2026-06-03 04:00:00+00:00,51.8,53.20335378708568,141,145
2026-06-03 05:00:00+00:00,45.4,50.17523896805621,125,137
2026-06-03 06:00:00+00:00,42.2,43.96731937347133,117,122
2026-06-03 07:00:00+00:00,41.1,41.87411232358944,115,117
2026-06-03 08:00:00+00:00,41.5,41.39726258662089,116,115
2026-06-03 09:00:00+00:00,42.9,42.71755775121244,119,119
2026-06-03 10:00:00+00:00,43.9,44.97334018762804,122,124
2026-06-03 11:00:00+00:00,49.0,46.1289144938435,134,127
2026-06-03 12:00:00+00:00,49.5,52.293766335261274,135,142
2026-06-03 13:00:00+00:00,49.6,51.885749968831696,136,141
2026-06-03 14:00:00+00:00,49.5,52.19840259008915,135,142
2026-06-03 15:00:00+00:00,47.4,52.03579070665794,130,142
2026-06-03 16:00:00+00:00,46.6,49.92715568394995,128,136
2026-06-03 17:00:00+00:00,45.1,49.49430950066911,125,135
2026-06-03 18:00:00+00:00,45.3,48.26292798978848,125,132
2026-06-03 19:00:00+00:00,43.5,49.246536873768974,121,135
2026-06-03 20:00:00+00:00,42.8,47.78734217373565,119,131
2026-06-03 21:00:00+00:00,42.6,47.96876697494496,118,132
2026-06-03 22:00:00+00:00,42.3,48.282107660984956,118,132
2026-06-03 23:00:00+00:00,43.9,48.467063618090286,122,133
2026-06-04 00:00:00+00:00,44.4,41.746471649676586,123,116
2026-06-04 01:00:00+00:00,46.8,42.41743469926924,129,118
2026-06-04 02:00:00+00:00,52.6,45.695411286790794,143,126
2026-06-04 03:00:00+00:00,51.5,52.04987427872004,140,142
2026-06-04 04:00:00+00:00,50.8,49.652300428915225,139,136
2026-06-04 05:00:00+00:00,53.0,49.17901892198801,144,134
2026-06-04 06:00:00+00:00,55.6,51.660614012909996,151,141
2026-06-04 07:00:00+00:00,51.2,54.101902612447,140,147
2026-06-04 08:00:00+00:00,50.5,48.985516056879845,138,134
2026-06-04 09:00:00+00:00,51.4,49.833632373364864,140,136
2026-06-04 10:00:00+00:00,51.7,51.16660168971457,141,139
2026-06-04 11:00:00+00:00,55.3,51.9243765344417,150,141
2026-06-04 12:00:00+00:00,60.4,56.36399671777258,154,152
2026-06-04 13:00:00+00:00,62.5,61.70693386877846,156,155
2026-06-04 14:00:00+00:00,60.9,63.32151816006983,155,156
2026-06-04 15:00:00+00:00,54.3,61.356644940844106,147,155
2026-06-04 16:00:00+00:00,58.3,54.563128474688085,153,148
2026-06-04 17:00:00+00:00,63.6,60.485330802746766,157,154
2026-06-04 18:00:00+00:00,66.9,65.42995676778456,159,158
2026-06-04 19:00:00+00:00,73.7,68.52298752413554,164,160
2026-06-04 20:00:00+00:00,71.1,76.05184467899198,162,165
2026-06-04 21:00:00+00:00,61.3,72.06428650003832,155,163
2026-06-04 22:00:00+00:00,70.3,62.106938737093834,161,156
2026-06-04 23:00:00+00:00,83.4,74.39527709639442,171,164
2026-06-05 00:00:00+00:00,67.3,77.6888100680674,159,166
2026-06-05 01:00:00+00:00,61.3,57.86411495654069,155,153
2026-06-05 02:00:00+00:00,55.4,56.44454788256668,150,152
2026-06-05 03:00:00+00:00,48.8,50.724100461460964,134,138
2026-06-05 04:00:00+00:00,48.8,44.75330824801132,134,124
2026-06-05 05:00:00+00:00,46.8,46.93019677258238,129,129
2026-06-05 06:00:00+00:00,50.4,45.941954730377894,138,127
2026-06-05 07:00:00+00:00,52.3,51.12963534289352,142,139
2026-06-05 08:00:00+00:00,47.5,53.05102625264076,131,144
2026-06-05 09:00:00+00:00,36.9,48.0996247055269,104,132
2026-06-05 10:00:00+00:00,47.1,37.84923967594526,130,107
2026-06-05 11:00:00+00:00,45.3,51.91654945165832,125,141
2026-06-05 12:00:00+00:00,45.4,47.662927358174585,125,131
2026-06-05 13:00:00+00:00,48.8,49.4027418586117,134,135
2026-06-05 14:00:00+00:00,57.1,53.441117408376186,152,145
2026-06-05 15:00:00+00:00,52.4,61.83448093886337,143,155
2026-06-05 16:00:00+00:00,46.8,55.01949344922293,129,149
2026-06-05 17:00:00+00:00,40.6,50.76813686164085,114,138
